task,accuracy,num_correct,num_total,scaling_mode,sw_alpha,sw_alpha0,sw_lambda,path
boolq,0.554,277,500,,1.5,,,results/olmo1b/exp_sw_awq/boolq_alpha_1_5.json
boolq,0.582,291,500,,2.0,,,results/olmo1b/exp_sw_awq/boolq_alpha_2_0.json
boolq,0.544,272,500,,1.0,,,results/olmo1b/exp_sw_awq/boolq_alpha_1_0.json
boolq,0.5,250,500,,0.5,,,results/olmo1b/exp_sw_awq/boolq_alpha_0_5.json
boolq,0.574,287,500,,3.0,,,results/olmo1b/exp_sw_awq/boolq_alpha_3_0.json
boolq,0.572,286,500,,2.5,,,results/olmo1b/exp_sw_awq/boolq_alpha_2_5.json
boolq,0.546,273,500,,1.0,,,results/olmo1b/exp_sw_awq/boolq_awq_baseline.json
hellaswag,0.408,204,500,,3.0,,,results/olmo1b/exp_sw_awq/hellaswag_alpha_3_0.json
hellaswag,0.416,208,500,,1.0,,,results/olmo1b/exp_sw_awq/hellaswag_alpha_1_0.json
hellaswag,0.418,209,500,,2.0,,,results/olmo1b/exp_sw_awq/hellaswag_alpha_2_0.json
hellaswag,0.42,210,500,,2.5,,,results/olmo1b/exp_sw_awq/hellaswag_alpha_2_5.json
hellaswag,0.386,193,500,,0.5,,,results/olmo1b/exp_sw_awq/hellaswag_alpha_0_5.json
hellaswag,0.422,211,500,,1.5,,,results/olmo1b/exp_sw_awq/hellaswag_alpha_1_5.json
hellaswag,0.416,208,500,exponential,1.0,1.0,0.0,results/olmo1b/exp_sw_awq_hellaswag/hellaswag_exp_alpha0_1_0_lambda_0_0.json
hellaswag,0.416,208,500,exponential,1.0,1.0,0.25,results/olmo1b/exp_sw_awq_hellaswag/hellaswag_exp_alpha0_1_0_lambda_0_25.json
hellaswag,0.416,208,500,exponential,1.0,1.0,0.5,results/olmo1b/exp_sw_awq_hellaswag/hellaswag_exp_alpha0_1_0_lambda_0_5.json
hellaswag,0.416,208,500,exponential,1.0,1.0,0.75,results/olmo1b/exp_sw_awq_hellaswag/hellaswag_exp_alpha0_1_0_lambda_0_75.json
hellaswag,0.416,208,500,exponential,1.0,1.0,1.0,results/olmo1b/exp_sw_awq_hellaswag/hellaswag_exp_alpha0_1_0_lambda_1_0.json
hellaswag,0.422,211,500,exponential,1.0,1.5,0.0,results/olmo1b/exp_sw_awq_hellaswag/hellaswag_exp_alpha0_1_5_lambda_0_0.json
hellaswag,0.422,211,500,exponential,1.0,1.5,0.25,results/olmo1b/exp_sw_awq_hellaswag/hellaswag_exp_alpha0_1_5_lambda_0_25.json
hellaswag,0.422,211,500,exponential,1.0,1.5,0.5,results/olmo1b/exp_sw_awq_hellaswag/hellaswag_exp_alpha0_1_5_lambda_0_5.json
hellaswag,0.422,211,500,exponential,1.0,1.5,0.75,results/olmo1b/exp_sw_awq_hellaswag/hellaswag_exp_alpha0_1_5_lambda_0_75.json
hellaswag,0.422,211,500,exponential,1.0,1.5,1.0,results/olmo1b/exp_sw_awq_hellaswag/hellaswag_exp_alpha0_1_5_lambda_1_0.json
hellaswag,0.418,209,500,exponential,1.0,2.0,0.0,results/olmo1b/exp_sw_awq_hellaswag/hellaswag_exp_alpha0_2_0_lambda_0_0.json
hellaswag,0.418,209,500,exponential,1.0,2.0,0.25,results/olmo1b/exp_sw_awq_hellaswag/hellaswag_exp_alpha0_2_0_lambda_0_25.json
hellaswag,0.418,209,500,exponential,1.0,2.0,0.5,results/olmo1b/exp_sw_awq_hellaswag/hellaswag_exp_alpha0_2_0_lambda_0_5.json
hellaswag,0.418,209,500,exponential,1.0,2.0,0.75,results/olmo1b/exp_sw_awq_hellaswag/hellaswag_exp_alpha0_2_0_lambda_0_75.json
hellaswag,0.418,209,500,exponential,1.0,2.0,1.0,results/olmo1b/exp_sw_awq_hellaswag/hellaswag_exp_alpha0_2_0_lambda_1_0.json
hellaswag,0.42,210,500,exponential,1.0,2.5,0.0,results/olmo1b/exp_sw_awq_hellaswag/hellaswag_exp_alpha0_2_5_lambda_0_0.json
hellaswag,0.42,210,500,exponential,1.0,2.5,0.25,results/olmo1b/exp_sw_awq_hellaswag/hellaswag_exp_alpha0_2_5_lambda_0_25.json
hellaswag,0.42,210,500,exponential,1.0,2.5,0.5,results/olmo1b/exp_sw_awq_hellaswag/hellaswag_exp_alpha0_2_5_lambda_0_5.json
hellaswag,0.42,210,500,exponential,1.0,2.5,0.75,results/olmo1b/exp_sw_awq_hellaswag/hellaswag_exp_alpha0_2_5_lambda_0_75.json
hellaswag,0.42,210,500,exponential,1.0,2.5,1.0,results/olmo1b/exp_sw_awq_hellaswag/hellaswag_exp_alpha0_2_5_lambda_1_0.json
hellaswag,0.408,204,500,exponential,1.0,3.0,0.0,results/olmo1b/exp_sw_awq_hellaswag/hellaswag_exp_alpha0_3_0_lambda_0_0.json
hellaswag,0.408,204,500,exponential,1.0,3.0,0.25,results/olmo1b/exp_sw_awq_hellaswag/hellaswag_exp_alpha0_3_0_lambda_0_25.json
hellaswag,0.408,204,500,exponential,1.0,3.0,0.5,results/olmo1b/exp_sw_awq_hellaswag/hellaswag_exp_alpha0_3_0_lambda_0_5.json
hellaswag,0.408,204,500,exponential,1.0,3.0,0.75,results/olmo1b/exp_sw_awq_hellaswag/hellaswag_exp_alpha0_3_0_lambda_0_75.json
hellaswag,0.408,204,500,exponential,1.0,3.0,1.0,results/olmo1b/exp_sw_awq_hellaswag/hellaswag_exp_alpha0_3_0_lambda_1_0.json
piqa,0.74,370,500,,2.0,,,results/olmo1b/exp_sw_awq/piqa_alpha_2_0.json
piqa,0.728,364,500,,3.0,,,results/olmo1b/exp_sw_awq/piqa_alpha_3_0.json
piqa,0.724,362,500,,0.5,,,results/olmo1b/exp_sw_awq/piqa_alpha_0_5.json
piqa,0.744,372,500,,,,,results/olmo1b/exp_sw_awq/piqa_awq_baseline.json
piqa,0.732,366,500,,2.5,,,results/olmo1b/exp_sw_awq/piqa_alpha_2_5.json
piqa,0.744,372,500,,1.0,,,results/olmo1b/exp_sw_awq/piqa_alpha_1_0.json
piqa,0.746,373,500,,1.5,,,results/olmo1b/exp_sw_awq/piqa_alpha_1_5.json
piqa,0.744,372,500,exponential,1.0,1.0,0.0,results/olmo1b/exp_sw_awq_piqa/piqa_exp_alpha0_1_0_lambda_0_0.json
piqa,0.744,372,500,exponential,1.0,1.0,0.25,results/olmo1b/exp_sw_awq_piqa/piqa_exp_alpha0_1_0_lambda_0_25.json
piqa,0.744,372,500,exponential,1.0,1.0,0.5,results/olmo1b/exp_sw_awq_piqa/piqa_exp_alpha0_1_0_lambda_0_5.json
piqa,0.746,373,500,exponential,1.0,1.0,0.75,results/olmo1b/exp_sw_awq_piqa/piqa_exp_alpha0_1_0_lambda_0_75.json
piqa,0.744,372,500,exponential,1.0,1.0,1.0,results/olmo1b/exp_sw_awq_piqa/piqa_exp_alpha0_1_0_lambda_1_0.json
piqa,0.746,373,500,exponential,1.0,1.5,0.0,results/olmo1b/exp_sw_awq_piqa/piqa_exp_alpha0_1_5_lambda_0_0.json
piqa,0.746,373,500,exponential,1.0,1.5,0.25,results/olmo1b/exp_sw_awq_piqa/piqa_exp_alpha0_1_5_lambda_0_25.json
piqa,0.746,373,500,exponential,1.0,1.5,0.5,results/olmo1b/exp_sw_awq_piqa/piqa_exp_alpha0_1_5_lambda_0_5.json
piqa,0.748,374,500,exponential,1.0,1.5,0.75,results/olmo1b/exp_sw_awq_piqa/piqa_exp_alpha0_1_5_lambda_0_75.json
piqa,0.746,373,500,exponential,1.0,1.5,1.0,results/olmo1b/exp_sw_awq_piqa/piqa_exp_alpha0_1_5_lambda_1_0.json
piqa,0.74,370,500,exponential,1.0,2.0,0.0,results/olmo1b/exp_sw_awq_piqa/piqa_exp_alpha0_2_0_lambda_0_0.json
piqa,0.74,370,500,exponential,1.0,2.0,0.25,results/olmo1b/exp_sw_awq_piqa/piqa_exp_alpha0_2_0_lambda_0_25.json
piqa,0.742,371,500,exponential,1.0,2.0,0.5,results/olmo1b/exp_sw_awq_piqa/piqa_exp_alpha0_2_0_lambda_0_5.json
piqa,0.74,370,500,exponential,1.0,2.0,0.75,results/olmo1b/exp_sw_awq_piqa/piqa_exp_alpha0_2_0_lambda_0_75.json
piqa,0.74,370,500,exponential,1.0,2.0,1.0,results/olmo1b/exp_sw_awq_piqa/piqa_exp_alpha0_2_0_lambda_1_0.json
piqa,0.732,366,500,exponential,1.0,2.5,0.0,results/olmo1b/exp_sw_awq_piqa/piqa_exp_alpha0_2_5_lambda_0_0.json
piqa,0.734,367,500,exponential,1.0,2.5,0.25,results/olmo1b/exp_sw_awq_piqa/piqa_exp_alpha0_2_5_lambda_0_25.json
piqa,0.73,365,500,exponential,1.0,2.5,0.5,results/olmo1b/exp_sw_awq_piqa/piqa_exp_alpha0_2_5_lambda_0_5.json
piqa,0.732,366,500,exponential,1.0,2.5,0.75,results/olmo1b/exp_sw_awq_piqa/piqa_exp_alpha0_2_5_lambda_0_75.json
piqa,0.734,367,500,exponential,1.0,2.5,1.0,results/olmo1b/exp_sw_awq_piqa/piqa_exp_alpha0_2_5_lambda_1_0.json
piqa,0.728,364,500,exponential,1.0,3.0,0.0,results/olmo1b/exp_sw_awq_piqa/piqa_exp_alpha0_3_0_lambda_0_0.json
piqa,0.728,364,500,exponential,1.0,3.0,0.25,results/olmo1b/exp_sw_awq_piqa/piqa_exp_alpha0_3_0_lambda_0_25.json
piqa,0.73,365,500,exponential,1.0,3.0,0.5,results/olmo1b/exp_sw_awq_piqa/piqa_exp_alpha0_3_0_lambda_0_5.json
piqa,0.732,366,500,exponential,1.0,3.0,0.75,results/olmo1b/exp_sw_awq_piqa/piqa_exp_alpha0_3_0_lambda_0_75.json
piqa,0.73,365,500,exponential,1.0,3.0,1.0,results/olmo1b/exp_sw_awq_piqa/piqa_exp_alpha0_3_0_lambda_1_0.json
sciq,0.866,433,500,,0.5,,,results/olmo1b/exp_sw_awq/sciq_alpha_0_5.json
sciq,0.936,468,500,,1.0,,,results/olmo1b/exp_sw_awq/sciq_alpha_1_0.json
sciq,0.922,461,500,,3.0,,,results/olmo1b/exp_sw_awq/sciq_alpha_3_0.json
sciq,0.932,466,500,,1.5,,,results/olmo1b/exp_sw_awq/sciq_alpha_1_5.json
sciq,0.93,465,500,,2.0,,,results/olmo1b/exp_sw_awq/sciq_alpha_2_0.json
sciq,0.924,462,500,,2.5,,,results/olmo1b/exp_sw_awq/sciq_alpha_2_5.json
sciq,0.936,468,500,exponential,1.0,1.0,0.0,results/olmo1b/exp_sw_awq_sciq/sciq_exp_alpha0_1_0_lambda_0_0.json
sciq,0.936,468,500,exponential,1.0,1.0,0.25,results/olmo1b/exp_sw_awq_sciq/sciq_exp_alpha0_1_0_lambda_0_25.json
sciq,0.936,468,500,exponential,1.0,1.0,0.5,results/olmo1b/exp_sw_awq_sciq/sciq_exp_alpha0_1_0_lambda_0_5.json
sciq,0.936,468,500,exponential,1.0,1.0,0.75,results/olmo1b/exp_sw_awq_sciq/sciq_exp_alpha0_1_0_lambda_0_75.json
sciq,0.936,468,500,exponential,1.0,1.0,1.0,results/olmo1b/exp_sw_awq_sciq/sciq_exp_alpha0_1_0_lambda_1_0.json
sciq,0.932,466,500,exponential,1.0,1.5,0.0,results/olmo1b/exp_sw_awq_sciq/sciq_exp_alpha0_1_5_lambda_0_0.json
sciq,0.932,466,500,exponential,1.0,1.5,0.25,results/olmo1b/exp_sw_awq_sciq/sciq_exp_alpha0_1_5_lambda_0_25.json
sciq,0.932,466,500,exponential,1.0,1.5,0.5,results/olmo1b/exp_sw_awq_sciq/sciq_exp_alpha0_1_5_lambda_0_5.json
sciq,0.932,466,500,exponential,1.0,1.5,0.75,results/olmo1b/exp_sw_awq_sciq/sciq_exp_alpha0_1_5_lambda_0_75.json
sciq,0.932,466,500,exponential,1.0,1.5,1.0,results/olmo1b/exp_sw_awq_sciq/sciq_exp_alpha0_1_5_lambda_1_0.json
sciq,0.93,465,500,exponential,1.0,2.0,0.0,results/olmo1b/exp_sw_awq_sciq/sciq_exp_alpha0_2_0_lambda_0_0.json
sciq,0.932,466,500,exponential,1.0,2.0,0.25,results/olmo1b/exp_sw_awq_sciq/sciq_exp_alpha0_2_0_lambda_0_25.json
sciq,0.932,466,500,exponential,1.0,2.0,0.5,results/olmo1b/exp_sw_awq_sciq/sciq_exp_alpha0_2_0_lambda_0_5.json
sciq,0.93,465,500,exponential,1.0,2.0,0.75,results/olmo1b/exp_sw_awq_sciq/sciq_exp_alpha0_2_0_lambda_0_75.json
sciq,0.93,465,500,exponential,1.0,2.0,1.0,results/olmo1b/exp_sw_awq_sciq/sciq_exp_alpha0_2_0_lambda_1_0.json
sciq,0.924,462,500,exponential,1.0,2.5,0.0,results/olmo1b/exp_sw_awq_sciq/sciq_exp_alpha0_2_5_lambda_0_0.json
sciq,0.926,463,500,exponential,1.0,2.5,0.25,results/olmo1b/exp_sw_awq_sciq/sciq_exp_alpha0_2_5_lambda_0_25.json
sciq,0.924,462,500,exponential,1.0,2.5,0.5,results/olmo1b/exp_sw_awq_sciq/sciq_exp_alpha0_2_5_lambda_0_5.json
sciq,0.924,462,500,exponential,1.0,2.5,0.75,results/olmo1b/exp_sw_awq_sciq/sciq_exp_alpha0_2_5_lambda_0_75.json
sciq,0.924,462,500,exponential,1.0,2.5,1.0,results/olmo1b/exp_sw_awq_sciq/sciq_exp_alpha0_2_5_lambda_1_0.json
sciq,0.922,461,500,exponential,1.0,3.0,0.0,results/olmo1b/exp_sw_awq_sciq/sciq_exp_alpha0_3_0_lambda_0_0.json
sciq,0.922,461,500,exponential,1.0,3.0,0.25,results/olmo1b/exp_sw_awq_sciq/sciq_exp_alpha0_3_0_lambda_0_25.json
sciq,0.922,461,500,exponential,1.0,3.0,0.5,results/olmo1b/exp_sw_awq_sciq/sciq_exp_alpha0_3_0_lambda_0_5.json
sciq,0.924,462,500,exponential,1.0,3.0,0.75,results/olmo1b/exp_sw_awq_sciq/sciq_exp_alpha0_3_0_lambda_0_75.json
sciq,0.922,461,500,exponential,1.0,3.0,1.0,results/olmo1b/exp_sw_awq_sciq/sciq_exp_alpha0_3_0_lambda_1_0.json
